id ,CourseID,email,Name,phone
1,B01,Antwan@trent.ca,Antwan,2361793157
2,B02,Zachery@trent.ca,Zachery,2959756365
3,B03,Samuel@trent.ca,Samuel,2419319641
4,B04,Matias@trent.ca,Matias,2721081116
5,B05,Memphis@trent.ca,Memphis,2302621854
6,B06,Vaughn@trent.ca,Vaughn,2428757631
7,B07,Kolten@trent.ca,Kolten,2906989544
8,B08,Beckett@trent.ca,Beckett,2914414745
9,B09,Byron@trent.ca,Byron,3269885265
10,B010,Aiden@trent.ca,Aiden,3078807851
11,B011,Armando@trent.ca,Armando,2820592196
12,B012,Roderick@trent.ca,Roderick,2371059063
13,B013,Gideon@trent.ca,Gideon,2303055628
14,B014,Cortez@trent.ca,Cortez,2572083416
15,B015,Jax@trent.ca,Jax,3097619166
16,B016,Max@trent.ca,Max,2876109881
17,B017,Geovanni@trent.ca,Geovanni,2597574838
18,B018,Odin@trent.ca,Odin,2960028325
19,B019,Rodney@trent.ca,Rodney,3217561282
20,B020,Fisher@trent.ca,Fisher,2949674177
21,B021,Mason@trent.ca,Mason,2818216842
22,B022,Reid@trent.ca,Reid,2947474551
23,B023,Nathanael@trent.ca,Nathanael,2235058174
24,B024,Maximo@trent.ca,Maximo,2231850190
25,B025,Bobby@trent.ca,Bobby,2446060625
26,B026,Dayton@trent.ca,Dayton,3061379610
27,B027,Anderson@trent.ca,Anderson,2840964651
28,B028,Johnathon@trent.ca,Johnathon,3044328300
29,B029,Brian@trent.ca,Brian,2819615978
30,B030,Damon@trent.ca,Damon,2404093215
31,B031,Kadin@trent.ca,Kadin,2637159257
32,B032,Bryant@trent.ca,Bryant,3240923936
33,B033,Jonathon@trent.ca,Jonathon,3180167935
34,B034,Emmanuel@trent.ca,Emmanuel,2759822627
35,B035,Jaxson@trent.ca,Jaxson,2797247526
36,B036,Gerardo@trent.ca,Gerardo,2468251771
37,B037,Jake@trent.ca,Jake,2521205064
38,B038,Adonis@trent.ca,Adonis,2807558722
39,B039,Kael@trent.ca,Kael,2667475013
40,B040,Xavier@trent.ca,Xavier,2418036518
41,B041,Alden@trent.ca,Alden,2482987173
42,B042,Roberto@trent.ca,Roberto,3185261363
43,B043,Stephen@trent.ca,Stephen,2973492209
44,B044,Raiden@trent.ca,Raiden,2786453645
45,B045,Johan@trent.ca,Johan,2814773844
46,B046,Jamarion@trent.ca,Jamarion,3259694541
47,B047,Conrad@trent.ca,Conrad,2361331355
48,B048,Karter@trent.ca,Karter,2907845901
49,B049,Evan@trent.ca,Evan,2382314228
50,B050,Camren@trent.ca,Camren,2683949022
51,B051,Cohen@trent.ca,Cohen,3126171756
52,B052,Antoine@trent.ca,Antoine,3289059692
53,B053,Issac@trent.ca,Issac,3104665169
54,B054,Nick@trent.ca,Nick,2948171905
55,B055,Izaiah@trent.ca,Izaiah,3281298071
56,B056,Jaydon@trent.ca,Jaydon,2647597935
57,B057,Rocco@trent.ca,Rocco,2673371626
58,B058,Hugo@trent.ca,Hugo,2815002494
59,B059,Kaiden@trent.ca,Kaiden,2480985099
60,B060,Makai@trent.ca,Makai,2329572922
61,B061,Karson@trent.ca,Karson,3327399621
62,B062,Trenton@trent.ca,Trenton,2335251043
63,B063,Nickolas@trent.ca,Nickolas,3179313781
64,B064,Phillip@trent.ca,Phillip,2263173477
65,B065,Rey@trent.ca,Rey,2773400909
66,B066,Kash@trent.ca,Kash,3061448614
67,B067,Emiliano@trent.ca,Emiliano,2448808206
68,B068,Jensen@trent.ca,Jensen,3112257812
69,B069,Ryker@trent.ca,Ryker,2886244405
70,B070,Julian@trent.ca,Julian,2672599358
71,B071,Gerald@trent.ca,Gerald,2987166256
72,B072,Abraham@trent.ca,Abraham,2477193369
73,B073,Ernest@trent.ca,Ernest,3210383364
74,B074,Darnell@trent.ca,Darnell,2715003478
75,B075,Allen@trent.ca,Allen,2896129042
76,B076,Gael@trent.ca,Gael,3290627437
77,B077,Luis@trent.ca,Luis,2841872069
78,B078,Brendon@trent.ca,Brendon,2995832408
79,B079,Alec@trent.ca,Alec,2823696548
80,B080,Finnegan@trent.ca,Finnegan,3307827185
81,B081,Kale@trent.ca,Kale,2670367781
82,B082,Kieran@trent.ca,Kieran,3116008725
83,B083,Kellen@trent.ca,Kellen,2686112705
84,B084,Alvaro@trent.ca,Alvaro,2461235173
85,B085,Jacoby@trent.ca,Jacoby,2422477363
86,B086,Marquis@trent.ca,Marquis,2919090019
87,B087,Ryan@trent.ca,Ryan,2873761415
88,B088,Jayce@trent.ca,Jayce,3170284642
89,B089,Yosef@trent.ca,Yosef,2361218216
90,B090,Francisco@trent.ca,Francisco,2596614726
91,B091,Peter@trent.ca,Peter,3261997621
92,B092,Gunnar@trent.ca,Gunnar,3025860788
93,B093,George@trent.ca,George,2305608961
94,B094,Teagan@trent.ca,Teagan,3161071575
95,B095,Gordon@trent.ca,Gordon,3049544282
96,B096,Yael@trent.ca,Yael,2937413616
97,B097,Rylee@trent.ca,Rylee,3061705094
98,B098,Alan@trent.ca,Alan,2308634568
99,B099,Giovanny@trent.ca,Giovanny,3211191219
100,B0100,Kadyn@trent.ca,Kadyn,2395181723
101,B0101,Ean@trent.ca,Ean,2957306382
102,B0102,Julius@trent.ca,Julius,2678397862
103,B0103,Romeo@trent.ca,Romeo,2289249707
104,B0104,German@trent.ca,German,2515828071
105,B0105,Moises@trent.ca,Moises,2724863385
106,B0106,Chandler@trent.ca,Chandler,2506381165
107,B0107,Immanuel@trent.ca,Immanuel,3137321708
108,B0108,Leonardo@trent.ca,Leonardo,2562574883
109,B0109,Carlo@trent.ca,Carlo,3258576972
110,B0110,Abel@trent.ca,Abel,2671057107
111,B0111,Quintin@trent.ca,Quintin,3070438072
112,B0112,Augustus@trent.ca,Augustus,3327323215
113,B0113,Landyn@trent.ca,Landyn,2782319163
114,B0114,Corbin@trent.ca,Corbin,2465911183
115,B0115,Eugene@trent.ca,Eugene,2667503295
116,B0116,Mohammed@trent.ca,Mohammed,2243361779
117,B0117,Dominic@trent.ca,Dominic,2704803019
118,B0118,Omari@trent.ca,Omari,2446913845
119,B0119,Aryan@trent.ca,Aryan,2548590803
120,B0120,Kamren@trent.ca,Kamren,2585334245
121,B0121,Malik@trent.ca,Malik,2685174972
122,B0122,Jakobe@trent.ca,Jakobe,3055432711
123,B0123,Jaron@trent.ca,Jaron,2810960206
124,B0124,Rodolfo@trent.ca,Rodolfo,2608142775
125,B0125,Jakob@trent.ca,Jakob,2963669445
126,B0126,Jaylan@trent.ca,Jaylan,2410037844
127,B0127,Wilson@trent.ca,Wilson,3120385502
128,B0128,Timothy@trent.ca,Timothy,3311751935
129,B0129,Craig@trent.ca,Craig,2494821776
130,B0130,Efrain@trent.ca,Efrain,2360522454
131,B0131,Yandel@trent.ca,Yandel,2718489090
132,B0132,Lee@trent.ca,Lee,2361088475
133,B0133,Alvin@trent.ca,Alvin,2632757781
134,B0134,Zaiden@trent.ca,Zaiden,3048721153
135,B0135,Bentley@trent.ca,Bentley,3266715268
136,B0136,Austin@trent.ca,Austin,3206073563
137,B0137,Bryan@trent.ca,Bryan,2503712518
138,B0138,Chaim@trent.ca,Chaim,2823353942
139,B0139,Edwin@trent.ca,Edwin,2392238798
140,B0140,Myles@trent.ca,Myles,2636278437
141,B0141,Duncan@trent.ca,Duncan,2649063508
142,B0142,Arthur@trent.ca,Arthur,2410162212
143,B0143,Ethan@trent.ca,Ethan,3141598681
144,B0144,Kyson@trent.ca,Kyson,2423313081
145,B0145,Jeremy@trent.ca,Jeremy,2477243041
146,B0146,Lamar@trent.ca,Lamar,3077360264
147,B0147,Raphael@trent.ca,Raphael,3173064378
148,B0148,Rodrigo@trent.ca,Rodrigo,2462955538
149,B0149,Zackary@trent.ca,Zackary,2302693491
150,B0150,Nico@trent.ca,Nico,2604352072
151,B0151,Kolton@trent.ca,Kolton,2984236622
152,B0152,Marvin@trent.ca,Marvin,2817094305
153,B0153,Jaden@trent.ca,Jaden,2274552613
154,B0154,Yahir@trent.ca,Yahir,2380977241
155,B0155,Andre@trent.ca,Andre,2554934710
156,B0156,Brent@trent.ca,Brent,2495008054
157,B0157,Branden@trent.ca,Branden,2751445147
158,B0158,Brogan@trent.ca,Brogan,2824141471
159,B0159,Charles@trent.ca,Charles,2709251463
160,B0160,Josue@trent.ca,Josue,2593239235
161,B0161,Abdiel@trent.ca,Abdiel,2550501418
162,B0162,Bryson@trent.ca,Bryson,2498557311
163,B0163,Alex@trent.ca,Alex,2375872652
164,B0164,Luca@trent.ca,Luca,2755548024
165,B0165,Matthias@trent.ca,Matthias,2988524252
166,B0166,Jairo@trent.ca,Jairo,3312912848
167,B0167,Bronson@trent.ca,Bronson,2419031506
168,B0168,Ayden@trent.ca,Ayden,2819164344
169,B0169,Haiden@trent.ca,Haiden,2296637200
170,B0170,Jean@trent.ca,Jean,3265433109
171,B0171,Alexis@trent.ca,Alexis,3046018236
172,B0172,Gaven@trent.ca,Gaven,2647453539
173,B0173,Silas@trent.ca,Silas,2382324619
174,B0174,Ezekiel@trent.ca,Ezekiel,2766836128
175,B0175,Fletcher@trent.ca,Fletcher,2748771429
176,B0176,Micheal@trent.ca,Micheal,2512174824
177,B0177,Bo@trent.ca,Bo,2478963746
178,B0178,Davon@trent.ca,Davon,2796332500
179,B0179,Jared@trent.ca,Jared,2306738398
180,B0180,Aditya@trent.ca,Aditya,2869632158
181,B0181,Brodie@trent.ca,Brodie,3073860586
182,B0182,Kaleb@trent.ca,Kaleb,3047576468
183,B0183,Chace@trent.ca,Chace,3121465578
184,B0184,Damari@trent.ca,Damari,2640858586
185,B0185,Johnathan@trent.ca,Johnathan,3085879000
186,B0186,Ayaan@trent.ca,Ayaan,2463012748
187,B0187,Reagan@trent.ca,Reagan,2848040147
188,B0188,Ramiro@trent.ca,Ramiro,2489873309
189,B0189,Kameron@trent.ca,Kameron,2461886446
190,B0190,Coleman@trent.ca,Coleman,3136877498
191,B0191,Willie@trent.ca,Willie,2934555352
192,B0192,Giovanni@trent.ca,Giovanni,2984891965
193,B0193,Bennett@trent.ca,Bennett,2288540200
194,B0194,Alexzander@trent.ca,Alexzander,2600315373
195,B0195,Adrien@trent.ca,Adrien,2278210882
196,B0196,Ariel@trent.ca,Ariel,2480713490
197,B0197,Troy@trent.ca,Troy,2950182318
198,B0198,Darren@trent.ca,Darren,2319999280
199,B0199,Nicholas@trent.ca,Nicholas,3199932126
200,B0200,Weston@trent.ca,Weston,2743014636
201,B0201,Dylan@trent.ca,Dylan,2249245840
202,B0202,Sage@trent.ca,Sage,2955398792
203,B0203,Savion@trent.ca,Savion,2550720520
204,B0204,Harold@trent.ca,Harold,2858070954
205,B0205,Kelvin@trent.ca,Kelvin,3075929919
206,B0206,Henry@trent.ca,Henry,2862768064
207,B0207,Thomas@trent.ca,Thomas,3103441755
208,B0208,Nathen@trent.ca,Nathen,2723374603
209,B0209,Mike@trent.ca,Mike,3057869468
210,B0210,Toby@trent.ca,Toby,3283794220
211,B0211,Daniel@trent.ca,Daniel,2897864668
212,B0212,Reed@trent.ca,Reed,3062407251
213,B0213,Tyrell@trent.ca,Tyrell,3304768613
214,B0214,Ruben@trent.ca,Ruben,2724772147
215,B0215,John@trent.ca,John,2894480617
216,B0216,Jase@trent.ca,Jase,2783778547
217,B0217,Joaquin@trent.ca,Joaquin,3220824412
218,B0218,Lorenzo@trent.ca,Lorenzo,3107042024
219,B0219,Alfonso@trent.ca,Alfonso,2820627849
220,B0220,Franco@trent.ca,Franco,3277727518
221,B0221,Tanner@trent.ca,Tanner,2278121905
222,B0222,Andreas@trent.ca,Andreas,2462350226
223,B0223,Graham@trent.ca,Graham,2571829212
224,B0224,Keshawn@trent.ca,Keshawn,2911603861
225,B0225,Steve@trent.ca,Steve,3182594153
226,B0226,Callum@trent.ca,Callum,3257776678
227,B0227,Cade@trent.ca,Cade,3073135047
228,B0228,Tyler@trent.ca,Tyler,2439288150
229,B0229,Leland@trent.ca,Leland,2909495925
230,B0230,Donte@trent.ca,Donte,2975017544
231,B0231,Jayvon@trent.ca,Jayvon,2776313636
232,B0232,Clayton@trent.ca,Clayton,3277574316
233,B0233,Quinten@trent.ca,Quinten,3082085264
234,B0234,Dereon@trent.ca,Dereon,3227016912
235,B0235,Eliezer@trent.ca,Eliezer,2857837276
236,B0236,Grant@trent.ca,Grant,2291990727
237,B0237,Rudy@trent.ca,Rudy,2448673347
238,B0238,Trevor@trent.ca,Trevor,3248976155
239,B0239,Payton@trent.ca,Payton,2356440537
240,B0240,Jameson@trent.ca,Jameson,3319822663
241,B0241,Alberto@trent.ca,Alberto,2890504326
242,B0242,Pedro@trent.ca,Pedro,3050640651
243,B0243,Jacob@trent.ca,Jacob,2836465837
244,B0244,Sonny@trent.ca,Sonny,2694774644
245,B0245,Connor@trent.ca,Connor,3132726367
246,B0246,Walker@trent.ca,Walker,3084687988
247,B0247,Arjun@trent.ca,Arjun,2906485020
248,B0248,Gage@trent.ca,Gage,2414663657
249,B0249,Layne@trent.ca,Layne,2244126948
250,B0250,Cristian@trent.ca,Cristian,3194245599
251,B0251,Dominique@trent.ca,Dominique,2728456931
252,B0252,Rory@trent.ca,Rory,2532987868
253,B0253,Fernando@trent.ca,Fernando,2542772637
254,B0254,Zack@trent.ca,Zack,2739934784
255,B0255,Ross@trent.ca,Ross,3076510488
256,B0256,Joseph@trent.ca,Joseph,2746057261
257,B0257,Titus@trent.ca,Titus,3118660135
258,B0258,Rishi@trent.ca,Rishi,2840042063
259,B0259,Jaylen@trent.ca,Jaylen,2546325293
260,B0260,Giancarlo@trent.ca,Giancarlo,3100714749
261,B0261,Travis@trent.ca,Travis,3063175062
262,B0262,Terrell@trent.ca,Terrell,2808676989
263,B0263,Braydon@trent.ca,Braydon,2398243917
264,B0264,Carson@trent.ca,Carson,3041295914
265,B0265,Deon@trent.ca,Deon,3214121702
266,B0266,Deven@trent.ca,Deven,2812756253
267,B0267,Jan@trent.ca,Jan,2350800032
268,B0268,Jaydin@trent.ca,Jaydin,3315040064
269,B0269,Braeden@trent.ca,Braeden,2339887243
270,B0270,Jesse@trent.ca,Jesse,2378246716
271,B0271,Sawyer@trent.ca,Sawyer,2426286115
272,B0272,Jessie@trent.ca,Jessie,3229340209
273,B0273,Cayden@trent.ca,Cayden,2641382573
274,B0274,Rogelio@trent.ca,Rogelio,2992635239
275,B0275,Christopher@trent.ca,Christopher,2352978895
276,B0276,Aarav@trent.ca,Aarav,3068673200
277,B0277,Manuel@trent.ca,Manuel,2467979114
278,B0278,Uriah@trent.ca,Uriah,2674075810
279,B0279,Enzo@trent.ca,Enzo,3271913472
280,B0280,Brenton@trent.ca,Brenton,2578226199
281,B0281,Jerry@trent.ca,Jerry,2334851183
282,B0282,Cale@trent.ca,Cale,3230309773
283,B0283,Deangelo@trent.ca,Deangelo,3246314036
284,B0284,Maxwell@trent.ca,Maxwell,2416244518
285,B0285,Conor@trent.ca,Conor,2582821998
286,B0286,Maximus@trent.ca,Maximus,2567827312
287,B0287,Asher@trent.ca,Asher,2773395077
288,B0288,Kristopher@trent.ca,Kristopher,3034634653
289,B0289,London@trent.ca,London,2893556691
290,B0290,Braiden@trent.ca,Braiden,2611605738
291,B0291,Rowan@trent.ca,Rowan,2484574759
292,B0292,Angel@trent.ca,Angel,2345142314
293,B0293,Christian@trent.ca,Christian,3140523331
294,B0294,Hugh@trent.ca,Hugh,2602576132
295,B0295,Charlie@trent.ca,Charlie,2491193209
296,B0296,Boston@trent.ca,Boston,3099823749
297,B0297,Addison@trent.ca,Addison,2830666065
298,B0298,Michael@trent.ca,Michael,3309283203
299,B0299,Joshua@trent.ca,Joshua,2499711067
300,B0300,Ronan@trent.ca,Ronan,3159536073
301,B0301,Aden@trent.ca,Aden,2673201241
302,B0302,Samson@trent.ca,Samson,2244240029
303,B0303,Zion@trent.ca,Zion,2771970826
304,B0304,Lukas@trent.ca,Lukas,2298348849
305,B0305,Jorden@trent.ca,Jorden,3267025072
306,B0306,Nicolas@trent.ca,Nicolas,3314237808
307,B0307,Felix@trent.ca,Felix,2686874799
308,B0308,Darian@trent.ca,Darian,2339565121
309,B0309,Darien@trent.ca,Darien,2526911801
310,B0310,Alijah@trent.ca,Alijah,3124018479
311,B0311,Joel@trent.ca,Joel,2736440577
312,B0312,Leroy@trent.ca,Leroy,3240437174
313,B0313,Colin@trent.ca,Colin,3048757953
314,B0314,Logan@trent.ca,Logan,2616476962
315,B0315,Keaton@trent.ca,Keaton,2817188704
316,B0316,Tyson@trent.ca,Tyson,2904338799
317,B0317,Blake@trent.ca,Blake,3145596571
318,B0318,Matteo@trent.ca,Matteo,2425484379
319,B0319,Jonas@trent.ca,Jonas,2434979389
320,B0320,Dax@trent.ca,Dax,3001107856
321,B0321,Dane@trent.ca,Dane,2991182765
322,B0322,Isaias@trent.ca,Isaias,3239516750
323,B0323,Luke@trent.ca,Luke,2483298346
324,B0324,Davian@trent.ca,Davian,2474060093
325,B0325,Jay@trent.ca,Jay,2408863272
326,B0326,Dante@trent.ca,Dante,3069975389
327,B0327,James@trent.ca,James,2470487185
328,B0328,Maddox@trent.ca,Maddox,2483572229
329,B0329,Tobias@trent.ca,Tobias,2673521577
330,B0330,Seamus@trent.ca,Seamus,2698512125
331,B0331,Darryl@trent.ca,Darryl,2571629905
332,B0332,Erick@trent.ca,Erick,2393252640
333,B0333,Wade@trent.ca,Wade,2364745179
334,B0334,Leandro@trent.ca,Leandro,3187263154
335,B0335,Jimmy@trent.ca,Jimmy,3332413992
336,B0336,Miguel@trent.ca,Miguel,2712226332
337,B0337,Ethen@trent.ca,Ethen,2375551282
338,B0338,Lucian@trent.ca,Lucian,2952432543
339,B0339,Ignacio@trent.ca,Ignacio,2810833929
340,B0340,Miles@trent.ca,Miles,3221513917
341,B0341,Leonidas@trent.ca,Leonidas,3198585414
342,B0342,Dexter@trent.ca,Dexter,3191813722
343,B0343,Louis@trent.ca,Louis,2519211904
344,B0344,Dawson@trent.ca,Dawson,2833882175
345,B0345,Ezequiel@trent.ca,Ezequiel,3025118589
346,B0346,Zackery@trent.ca,Zackery,2753929363
347,B0347,Vance@trent.ca,Vance,3057004292
348,B0348,David@trent.ca,David,3175996745
349,B0349,Jerimiah@trent.ca,Jerimiah,2445858134
350,B0350,Ricky@trent.ca,Ricky,2396062108
351,B0351,Elijah@trent.ca,Elijah,2248691230
352,B0352,Jasper@trent.ca,Jasper,2661438465
353,B0353,Slade@trent.ca,Slade,2858776340
354,B0354,Jon@trent.ca,Jon,2689429315
355,B0355,Omar@trent.ca,Omar,2920707975
356,B0356,Shaun@trent.ca,Shaun,3054264388
357,B0357,Mathias@trent.ca,Mathias,3290072900
358,B0358,Andres@trent.ca,Andres,2925458420
359,B0359,Ahmed@trent.ca,Ahmed,3055760061
360,B0360,Gilberto@trent.ca,Gilberto,2871970510
361,B0361,Semaj@trent.ca,Semaj,3108909058
362,B0362,Easton@trent.ca,Easton,2479766795
363,B0363,Kasey@trent.ca,Kasey,2396415316
364,B0364,Hunter@trent.ca,Hunter,2555054273
365,B0365,Levi@trent.ca,Levi,2731352417
366,B0366,Dalton@trent.ca,Dalton,2311153301
367,B0367,Darius@trent.ca,Darius,3299248531
368,B0368,Kendall@trent.ca,Kendall,2915662527
369,B0369,Jaydan@trent.ca,Jaydan,3086271300
370,B0370,Krish@trent.ca,Krish,2611667358
371,B0371,Alejandro@trent.ca,Alejandro,3099365879
372,B0372,Tate@trent.ca,Tate,3192262654
373,B0373,Griffin@trent.ca,Griffin,2911273495
374,B0374,Cedric@trent.ca,Cedric,3080635403
375,B0375,Milo@trent.ca,Milo,2655074782
376,B0376,Derek@trent.ca,Derek,2525339581
377,B0377,Abram@trent.ca,Abram,3082418064
378,B0378,Milton@trent.ca,Milton,2648172733
379,B0379,Ben@trent.ca,Ben,3326015467
380,B0380,Kayden@trent.ca,Kayden,3275240774
381,B0381,Bridger@trent.ca,Bridger,2490673393
382,B0382,Peyton@trent.ca,Peyton,2388855396
383,B0383,Roman@trent.ca,Roman,2395231856
384,B0384,Lawson@trent.ca,Lawson,2994133597
385,B0385,Keith@trent.ca,Keith,2683173183
386,B0386,Thaddeus@trent.ca,Thaddeus,3288319829
387,B0387,Howard@trent.ca,Howard,2654210260
388,B0388,Muhammad@trent.ca,Muhammad,2928492284
389,B0389,Jadyn@trent.ca,Jadyn,3032677686
390,B0390,Sincere@trent.ca,Sincere,2787926958
391,B0391,Cannon@trent.ca,Cannon,3307630030
392,B0392,Tristian@trent.ca,Tristian,2444373993
393,B0393,Colton@trent.ca,Colton,2362058971
394,B0394,Dillan@trent.ca,Dillan,2857497481
395,B0395,Jayson@trent.ca,Jayson,3188122831
396,B0396,Melvin@trent.ca,Melvin,2957196284
397,B0397,Zaid@trent.ca,Zaid,2287651686
398,B0398,Asa@trent.ca,Asa,3289050676
399,B0399,Randy@trent.ca,Randy,2389607273
400,B0400,Jose@trent.ca,Jose,2921904162
401,B0401,Kian@trent.ca,Kian,3167055615
402,B0402,Branson@trent.ca,Branson,2521015317
403,B0403,Sammy@trent.ca,Sammy,2608540317
404,B0404,Adrian@trent.ca,Adrian,2753867568
405,B0405,Gianni@trent.ca,Gianni,3221220850
406,B0406,Rafael@trent.ca,Rafael,2370306271
407,B0407,Jamison@trent.ca,Jamison,3059031492
408,B0408,Patrick@trent.ca,Patrick,2983358606
409,B0409,Freddy@trent.ca,Freddy,2925169250
410,B0410,Billy@trent.ca,Billy,2568975509
411,B0411,Jaxon@trent.ca,Jaxon,2244650266
412,B0412,Grayson@trent.ca,Grayson,2719245341
413,B0413,Hezekiah@trent.ca,Hezekiah,2348728364
414,B0414,Joey@trent.ca,Joey,2639514990
415,B0415,Kareem@trent.ca,Kareem,2793584609
416,B0416,Kyler@trent.ca,Kyler,3055046354
417,B0417,Madden@trent.ca,Madden,3222620999
418,B0418,Arnav@trent.ca,Arnav,2398315044
419,B0419,Kade@trent.ca,Kade,2550137314
420,B0420,Jaeden@trent.ca,Jaeden,2503833140
421,B0421,Mathew@trent.ca,Mathew,2328386903
422,B0422,Reece@trent.ca,Reece,2694706729
423,B0423,Jace@trent.ca,Jace,2386596739
424,B0424,Santiago@trent.ca,Santiago,2230975807
425,B0425,Junior@trent.ca,Junior,2807358943
426,B0426,Adan@trent.ca,Adan,2651220092
427,B0427,Kamari@trent.ca,Kamari,3088624644
428,B0428,Lewis@trent.ca,Lewis,3320958533
429,B0429,Quentin@trent.ca,Quentin,2932048085
430,B0430,Neil@trent.ca,Neil,3113615329
431,B0431,Bradyn@trent.ca,Bradyn,2396687320
432,B0432,Pierce@trent.ca,Pierce,3233110814
433,B0433,Anthony@trent.ca,Anthony,2227260526
434,B0434,Simeon@trent.ca,Simeon,2691336049
435,B0435,Chase@trent.ca,Chase,3300162330
436,B0436,Jamal@trent.ca,Jamal,2859998399
437,B0437,Aydin@trent.ca,Aydin,2568068794
438,B0438,Isaac@trent.ca,Isaac,2670292581
439,B0439,Santos@trent.ca,Santos,2646247896
440,B0440,Brenden@trent.ca,Brenden,2534726352
441,B0441,Quinn@trent.ca,Quinn,2572949260
442,B0442,Damion@trent.ca,Damion,2432530343
443,B0443,Cullen@trent.ca,Cullen,2820463291
444,B0444,Jaime@trent.ca,Jaime,2717304175
445,B0445,Ishaan@trent.ca,Ishaan,2808531394
446,B0446,Marley@trent.ca,Marley,2265820086
447,B0447,Maxim@trent.ca,Maxim,3123801339
448,B0448,Coby@trent.ca,Coby,2925509488
449,B0449,Bailey@trent.ca,Bailey,2583038158
450,B0450,Justin@trent.ca,Justin,2257186763
451,B0451,Markus@trent.ca,Markus,2624588872
452,B0452,Collin@trent.ca,Collin,2984584416
453,B0453,Messiah@trent.ca,Messiah,3095296964
454,B0454,Dakota@trent.ca,Dakota,3226764389
455,B0455,Avery@trent.ca,Avery,2700827801
456,B0456,Kamron@trent.ca,Kamron,2741496026
457,B0457,Dale@trent.ca,Dale,3091834772
458,B0458,Warren@trent.ca,Warren,2816566561
459,B0459,Adolfo@trent.ca,Adolfo,2989007104
460,B0460,Axel@trent.ca,Axel,2245612536
461,B0461,Brody@trent.ca,Brody,3077148430
462,B0462,Justice@trent.ca,Justice,2458355275
463,B0463,Soren@trent.ca,Soren,2351425310
464,B0464,Paul@trent.ca,Paul,2927377380
465,B0465,Caden@trent.ca,Caden,2521764509
466,B0466,Cash@trent.ca,Cash,2339103961
467,B0467,Emerson@trent.ca,Emerson,2321503395
468,B0468,Marc@trent.ca,Marc,2621016586
469,B0469,Carmelo@trent.ca,Carmelo,2530280585
470,B0470,Gunner@trent.ca,Gunner,2772699018
471,B0471,Isai@trent.ca,Isai,3174284390
472,B0472,Spencer@trent.ca,Spencer,2265379270
473,B0473,Russell@trent.ca,Russell,2956102716
474,B0474,Alonso@trent.ca,Alonso,2683615524
475,B0475,Grady@trent.ca,Grady,2297310931
476,B0476,Donovan@trent.ca,Donovan,3112019348
477,B0477,Albert@trent.ca,Albert,2425505185
478,B0478,Eric@trent.ca,Eric,2545672972
479,B0479,Riley@trent.ca,Riley,3127566755
480,B0480,Octavio@trent.ca,Octavio,2493802395
481,B0481,Lennon@trent.ca,Lennon,3272050175
482,B0482,Conner@trent.ca,Conner,2318846748
483,B0483,Lane@trent.ca,Lane,2795385261
484,B0484,Fabian@trent.ca,Fabian,2549552138
485,B0485,Kobe@trent.ca,Kobe,3205538795
486,B0486,Aedan@trent.ca,Aedan,2467257975
487,B0487,Bernard@trent.ca,Bernard,3331722991
488,B0488,Tucker@trent.ca,Tucker,3093870872
489,B0489,Jabari@trent.ca,Jabari,2758631253
490,B0490,Theodore@trent.ca,Theodore,2466335241
491,B0491,Kingston@trent.ca,Kingston,2628746079
492,B0492,Ari@trent.ca,Ari,2621832743
493,B0493,Chris@trent.ca,Chris,3280186553
494,B0494,Shamar@trent.ca,Shamar,2983399195
495,B0495,Devan@trent.ca,Devan,2850839463
496,B0496,Sam@trent.ca,Sam,2467978901
497,B0497,Damien@trent.ca,Damien,2255004762
498,B0498,Trystan@trent.ca,Trystan,2921347376
499,B0499,Porter@trent.ca,Porter,2340587748
500,B0500,Lawrence@trent.ca,Lawrence,2842386654
501,A501,Mateo@trent.ca,Mateo,3247233477
502,A502,Sergio@trent.ca,Sergio,2971930108
503,A503,Royce@trent.ca,Royce,2251993437
504,A504,Cody@trent.ca,Cody,2510203477
505,A505,Lamont@trent.ca,Lamont,2344778147
506,A506,Keenan@trent.ca,Keenan,3233312004
507,A507,Josiah@trent.ca,Josiah,2282304562
508,A508,Brock@trent.ca,Brock,2931601707
509,A509,Moshe@trent.ca,Moshe,2735745475
510,A510,Colby@trent.ca,Colby,2695094024
511,A511,Amir@trent.ca,Amir,3186540314
512,A512,Dorian@trent.ca,Dorian,2736618118
513,A513,Ellis@trent.ca,Ellis,2864137261
514,A514,Carlos@trent.ca,Carlos,2982730273
515,A515,Beau@trent.ca,Beau,2800687376
516,A516,Caiden@trent.ca,Caiden,2807128877
517,A517,Robert@trent.ca,Robert,2601814423
518,A518,Ronin@trent.ca,Ronin,3237864947
519,A519,Zechariah@trent.ca,Zechariah,2626145188
520,A520,Noel@trent.ca,Noel,2642942034
521,A521,Broderick@trent.ca,Broderick,2703826404
522,A522,Hayden@trent.ca,Hayden,2947096701
523,A523,Reilly@trent.ca,Reilly,2528215602
524,A524,Landin@trent.ca,Landin,2878441469
525,A525,Skyler@trent.ca,Skyler,3262337574
526,A526,Pierre@trent.ca,Pierre,2696824460
527,A527,Yadiel@trent.ca,Yadiel,2886371589
528,A528,Sullivan@trent.ca,Sullivan,2345948760
529,A529,Houston@trent.ca,Houston,2496124698
530,A530,Harley@trent.ca,Harley,2559476713
531,A531,Holden@trent.ca,Holden,3270367805
532,A532,Ronnie@trent.ca,Ronnie,3174198846
533,A533,Calvin@trent.ca,Calvin,2452421656
534,A534,Brendan@trent.ca,Brendan,2995462732
535,A535,Juan@trent.ca,Juan,3292861630
536,A536,Kason@trent.ca,Kason,2953946268
537,A537,Denzel@trent.ca,Denzel,3055742249
538,A538,Dennis@trent.ca,Dennis,2674498140
539,A539,Leonard@trent.ca,Leonard,2483874761
540,A540,Leon@trent.ca,Leon,2331060140
541,A541,Salvador@trent.ca,Salvador,2636446419
542,A542,Darrell@trent.ca,Darrell,2590660737
543,A543,Jonah@trent.ca,Jonah,2956253893
544,A544,Gavyn@trent.ca,Gavyn,2833863683
545,A545,Brycen@trent.ca,Brycen,2721337423
546,A546,Derrick@trent.ca,Derrick,2934291059
547,A547,Yusuf@trent.ca,Yusuf,2395394102
548,A548,Valentin@trent.ca,Valentin,3305927587
549,A549,Ulises@trent.ca,Ulises,3025044440
550,A550,Quinton@trent.ca,Quinton,2835110387
551,A551,Vincent@trent.ca,Vincent,3288651259
552,A552,Camden@trent.ca,Camden,2886923553
553,A553,Steven@trent.ca,Steven,2577690202
554,A554,Ryder@trent.ca,Ryder,3304688642
555,A555,Elvis@trent.ca,Elvis,2865641088
556,A556,Oscar@trent.ca,Oscar,2951375861
557,A557,Ralph@trent.ca,Ralph,2539143220
558,A558,Anton@trent.ca,Anton,2704874138
559,A559,Devyn@trent.ca,Devyn,2505562424
560,A560,Enrique@trent.ca,Enrique,3111545574
561,A561,Jaylin@trent.ca,Jaylin,3260788241
562,A562,Parker@trent.ca,Parker,2963112629
563,A563,Yurem@trent.ca,Yurem,3159566121
564,A564,Yair@trent.ca,Yair,2871802708
565,A565,Finn@trent.ca,Finn,2562215173
566,A566,Lance@trent.ca,Lance,2434618824
567,A567,Jamir@trent.ca,Jamir,2412796053
568,A568,Kenny@trent.ca,Kenny,3009905282
569,A569,Guillermo@trent.ca,Guillermo,2881416220
570,A570,Kenyon@trent.ca,Kenyon,3330677959
571,A571,Antonio@trent.ca,Antonio,2505391142
572,A572,Everett@trent.ca,Everett,2588946254
573,A573,Cristopher@trent.ca,Cristopher,3044103712
574,A574,Jovanni@trent.ca,Jovanni,2436391584
575,A575,Davin@trent.ca,Davin,2500009291
576,A576,Tyshawn@trent.ca,Tyshawn,3116793907
577,A577,Marshall@trent.ca,Marshall,2547282911
578,A578,Carsen@trent.ca,Carsen,2318829262
579,A579,Jayden@trent.ca,Jayden,2936428821
580,A580,Uriel@trent.ca,Uriel,2989859608
581,A581,Jack@trent.ca,Jack,2464237908
582,A582,Casey@trent.ca,Casey,3044472822
583,A583,Rayan@trent.ca,Rayan,3307056320
584,A584,Brady@trent.ca,Brady,2984980144
585,A585,Misael@trent.ca,Misael,2908165433
586,A586,Mark@trent.ca,Mark,2694155015
587,A587,Zachary@trent.ca,Zachary,2631830142
588,A588,Pablo@trent.ca,Pablo,2752654902
589,A589,Brandon@trent.ca,Brandon,2439826118
590,A590,Keon@trent.ca,Keon,3128840712
591,A591,Finley@trent.ca,Finley,2418171455
592,A592,Rene@trent.ca,Rene,2350164727
593,A593,Desmond@trent.ca,Desmond,3204105169
594,A594,Javion@trent.ca,Javion,3298358520
595,A595,Valentino@trent.ca,Valentino,2694628525
596,A596,Ivan@trent.ca,Ivan,2945329779
597,A597,Deegan@trent.ca,Deegan,2486840641
598,A598,Clark@trent.ca,Clark,2564226680
599,A599,Frankie@trent.ca,Frankie,2272355270
600,A600,Emery@trent.ca,Emery,2476395577
601,A601,Martin@trent.ca,Martin,2352245768
602,A602,Brennan@trent.ca,Brennan,3249253536
603,A603,Ian@trent.ca,Ian,2805448729
604,A604,Waylon@trent.ca,Waylon,3048543701
605,A605,Edward@trent.ca,Edward,2941606523
606,A606,Ahmad@trent.ca,Ahmad,2708407328
607,A607,Leo@trent.ca,Leo,2589442495
608,A608,Dustin@trent.ca,Dustin,2738367071
609,A609,Curtis@trent.ca,Curtis,2996792300
610,A610,Joe@trent.ca,Joe,2859764118
611,A611,Davis@trent.ca,Davis,2579137034
612,A612,Colt@trent.ca,Colt,3042101704
613,A613,Reginald@trent.ca,Reginald,3217473208
614,A614,Keagan@trent.ca,Keagan,2654490176
615,A615,Marques@trent.ca,Marques,2711331205
616,A616,Keegan@trent.ca,Keegan,3330360607
617,A617,Drew@trent.ca,Drew,3057681964
618,A618,Amari@trent.ca,Amari,3067463146
619,A619,Trent@trent.ca,Trent,2396014624
620,A620,Bruce@trent.ca,Bruce,3139346481
621,A621,Nikolas@trent.ca,Nikolas,2848826190
622,A622,Dallas@trent.ca,Dallas,2633060897
623,A623,Rylan@trent.ca,Rylan,2768963347
624,A624,Jonathan@trent.ca,Jonathan,3047138744
625,A625,Benjamin@trent.ca,Benjamin,2924667498
626,A626,Owen@trent.ca,Owen,3222739858
627,A627,Preston@trent.ca,Preston,3312788409
628,A628,Jayvion@trent.ca,Jayvion,3031438330
629,A629,Josh@trent.ca,Josh,3052473381
630,A630,Trevon@trent.ca,Trevon,2884504773
631,A631,Dean@trent.ca,Dean,2863424678
632,A632,Chad@trent.ca,Chad,2470994398
633,A633,Carter@trent.ca,Carter,2276848502
634,A634,Noe@trent.ca,Noe,2917019960
635,A635,Tristen@trent.ca,Tristen,2602598901
636,A636,Konner@trent.ca,Konner,2781279647
637,A637,Walter@trent.ca,Walter,2369774077
638,A638,Humberto@trent.ca,Humberto,3266259281
639,A639,Trace@trent.ca,Trace,3060643464
640,A640,Colten@trent.ca,Colten,3176934392
641,A641,Ezra@trent.ca,Ezra,3007684711
642,A642,Gavin@trent.ca,Gavin,2699128761
643,A643,Kasen@trent.ca,Kasen,2862572712
644,A644,Alessandro@trent.ca,Alessandro,2229063117
645,A645,Garrett@trent.ca,Garrett,2452878860
646,A646,Johnny@trent.ca,Johnny,2470865695
647,A647,Isaiah@trent.ca,Isaiah,2832500216
648,A648,Micah@trent.ca,Micah,2734642913
649,A649,Greyson@trent.ca,Greyson,2791082047
650,A650,Dillon@trent.ca,Dillon,3250109532
651,A651,Todd@trent.ca,Todd,2905025979
652,A652,Victor@trent.ca,Victor,2715867605
653,A653,Nash@trent.ca,Nash,2558448216
654,A654,Jeffery@trent.ca,Jeffery,2675132559
655,A655,Heath@trent.ca,Heath,3299383296
656,A656,Luka@trent.ca,Luka,2230315296
657,A657,Angelo@trent.ca,Angelo,2990808259
658,A658,Ricardo@trent.ca,Ricardo,2864587748
659,A659,Chaz@trent.ca,Chaz,2259575350
660,A660,Jefferson@trent.ca,Jefferson,2987280336
661,A661,Dario@trent.ca,Dario,2701107102
662,A662,Zane@trent.ca,Zane,2385167569
663,A663,Dashawn@trent.ca,Dashawn,2573669579
664,A664,Sterling@trent.ca,Sterling,3309230398
665,A665,Brooks@trent.ca,Brooks,2671050461
666,A666,Xzavier@trent.ca,Xzavier,2253437797
667,A667,Derick@trent.ca,Derick,2502302563
668,A668,Emilio@trent.ca,Emilio,2527913910
669,A669,Izayah@trent.ca,Izayah,2363336457
670,A670,Blaine@trent.ca,Blaine,2742035054
671,A671,Barrett@trent.ca,Barrett,2559164827
672,A672,Francis@trent.ca,Francis,3128817983
673,A673,Makhi@trent.ca,Makhi,2965927263
674,A674,Keyon@trent.ca,Keyon,2626953809
675,A675,Darwin@trent.ca,Darwin,2239229295
676,A676,Glenn@trent.ca,Glenn,2522130367
677,A677,Richard@trent.ca,Richard,3047392355
678,A678,Alfredo@trent.ca,Alfredo,2830573751
679,A679,Zavier@trent.ca,Zavier,2505982950
680,A680,Winston@trent.ca,Winston,2556423192
681,A681,Elliot@trent.ca,Elliot,3010212406
682,A682,Braden@trent.ca,Braden,3295503577
683,A683,Jarrett@trent.ca,Jarrett,2849137239
684,A684,Jamar@trent.ca,Jamar,2691840489
685,A685,Simon@trent.ca,Simon,3232620613
686,A686,Jeffrey@trent.ca,Jeffrey,3145020717
687,A687,Lyric@trent.ca,Lyric,2675899066
688,A688,Trey@trent.ca,Trey,3223746624
689,A689,Seth@trent.ca,Seth,2244637893
690,A690,Devon@trent.ca,Devon,3080200486
691,A691,Kane@trent.ca,Kane,2368546033
692,A692,Bryce@trent.ca,Bryce,2540024087
693,A693,Damarion@trent.ca,Damarion,2357090495
694,A694,Allan@trent.ca,Allan,3309531440
695,A695,Van@trent.ca,Van,2862099426
696,A696,Marco@trent.ca,Marco,2661050658
697,A697,Declan@trent.ca,Declan,3075811459
698,A698,Alonzo@trent.ca,Alonzo,2326127896
699,A699,Wesley@trent.ca,Wesley,2957216552
700,A700,Salvatore@trent.ca,Salvatore,2473061632
701,A701,Rigoberto@trent.ca,Rigoberto,2942471139
702,A702,Jovani@trent.ca,Jovani,2651686829
703,A703,Javier@trent.ca,Javier,3007252723
704,A704,Andy@trent.ca,Andy,2567555716
705,A705,Hector@trent.ca,Hector,2593005065
706,A706,Demetrius@trent.ca,Demetrius,2588428913
707,A707,Deandre@trent.ca,Deandre,3215881660
708,A708,Kyan@trent.ca,Kyan,2774967512
709,A709,Aaden@trent.ca,Aaden,2481074323
710,A710,Leonel@trent.ca,Leonel,2504854781
711,A711,Chance@trent.ca,Chance,2330492026
712,A712,Gabriel@trent.ca,Gabriel,3330005141
713,A713,Philip@trent.ca,Philip,2321849498
714,A714,Kelton@trent.ca,Kelton,2450462443
715,A715,Eli@trent.ca,Eli,2461238449
716,A716,Zain@trent.ca,Zain,3128837198
717,A717,Camron@trent.ca,Camron,2537320665
718,A718,Xander@trent.ca,Xander,2726385609
719,A719,Raymond@trent.ca,Raymond,2540565165
720,A720,Mario@trent.ca,Mario,2623600762
721,A721,Malcolm@trent.ca,Malcolm,3050525212
722,A722,Tyrese@trent.ca,Tyrese,2655449404
723,A723,Gregory@trent.ca,Gregory,3229904023
724,A724,Esteban@trent.ca,Esteban,2325265650
725,A725,Baron@trent.ca,Baron,2793663525
726,A726,Zaire@trent.ca,Zaire,2974176170
727,A727,Pranav@trent.ca,Pranav,3212409868
728,A728,Agustin@trent.ca,Agustin,2873954430
729,A729,Alfred@trent.ca,Alfred,3152928190
730,A730,Braylen@trent.ca,Braylen,2899699528
731,A731,Corey@trent.ca,Corey,3005257876
732,A732,Vicente@trent.ca,Vicente,2519715851
733,A733,Khalil@trent.ca,Khalil,2493228215
734,A734,Javon@trent.ca,Javon,2895248304
735,A735,Israel@trent.ca,Israel,3237744464
736,A736,Triston@trent.ca,Triston,2636479305
737,A737,Oswaldo@trent.ca,Oswaldo,2444401918
738,A738,Tommy@trent.ca,Tommy,2913286376
739,A739,Cason@trent.ca,Cason,3105539258
740,A740,Sidney@trent.ca,Sidney,2678594369
741,A741,Atticus@trent.ca,Atticus,3120311614
742,A742,Marcos@trent.ca,Marcos,2324432144
743,A743,Talan@trent.ca,Talan,2538041610
744,A744,Nathanial@trent.ca,Nathanial,2782978018
745,A745,Ty@trent.ca,Ty,2772291648
746,A746,Reuben@trent.ca,Reuben,2954039018
747,A747,Darion@trent.ca,Darion,2949345195
748,A748,Cael@trent.ca,Cael,2798235611
749,A749,Oliver@trent.ca,Oliver,3104333262
750,A750,Moses@trent.ca,Moses,2869021957
751,A751,Kenneth@trent.ca,Kenneth,2950476047
752,A752,Jovan@trent.ca,Jovan,3107406565
753,A753,Will@trent.ca,Will,2376911555
754,A754,Jair@trent.ca,Jair,2451829308
755,A755,Cameron@trent.ca,Cameron,2636897375
756,A756,Nikolai@trent.ca,Nikolai,2980995877
757,A757,Demarion@trent.ca,Demarion,2277271857
758,A758,Noah@trent.ca,Noah,2533050801
759,A759,Roger@trent.ca,Roger,3030769194
760,A760,Cooper@trent.ca,Cooper,3018348943
761,A761,Tyree@trent.ca,Tyree,2447404058
762,A762,Gilbert@trent.ca,Gilbert,2484578582
763,A763,Reynaldo@trent.ca,Reynaldo,2618779056
764,A764,Kai@trent.ca,Kai,2841547699
765,A765,Giovani@trent.ca,Giovani,2981289261
766,A766,Dangelo@trent.ca,Dangelo,3090385051
767,A767,Jadiel@trent.ca,Jadiel,2905743787
768,A768,Jeramiah@trent.ca,Jeramiah,2485736985
769,A769,Terry@trent.ca,Terry,2352525866
770,A770,Cristofer@trent.ca,Cristofer,2489629346
771,A771,Sebastian@trent.ca,Sebastian,2834954797
772,A772,Kamden@trent.ca,Kamden,2549797901
773,A773,Kendrick@trent.ca,Kendrick,2778798257
774,A774,Cornelius@trent.ca,Cornelius,2415840380
775,A775,Landen@trent.ca,Landen,2252845141
776,A776,Osvaldo@trent.ca,Osvaldo,3020461558
777,A777,Cyrus@trent.ca,Cyrus,2526395306
778,A778,Layton@trent.ca,Layton,3003016870
779,A779,Gary@trent.ca,Gary,2873551891
780,A780,Hudson@trent.ca,Hudson,2650186433
781,A781,Clay@trent.ca,Clay,2883898444
782,A782,Mauricio@trent.ca,Mauricio,3150187078
783,A783,Skylar@trent.ca,Skylar,2539441433
784,A784,Gauge@trent.ca,Gauge,3187742750
785,A785,Ashton@trent.ca,Ashton,3155902844
786,A786,Ernesto@trent.ca,Ernesto,3163619764
787,A787,Gustavo@trent.ca,Gustavo,2754438377
788,A788,Jeremiah@trent.ca,Jeremiah,2297122967
789,A789,Kaden@trent.ca,Kaden,2267436462
790,A790,Bradley@trent.ca,Bradley,2686024018
791,A791,Zayne@trent.ca,Zayne,2710271419
792,A792,King@trent.ca,King,2321794213
793,A793,Talon@trent.ca,Talon,2649818926
794,A794,Arturo@trent.ca,Arturo,3108057743
795,A795,Remington@trent.ca,Remington,3109299052
796,A796,Alexander@trent.ca,Alexander,2490762532
797,A797,Dwayne@trent.ca,Dwayne,3221281371
798,A798,Koen@trent.ca,Koen,3072611497
799,A799,Solomon@trent.ca,Solomon,2233629662
800,A800,Roy@trent.ca,Roy,3053760362
801,A801,Franklin@trent.ca,Franklin,2369634317
802,A802,Ali@trent.ca,Ali,2771093160
803,A803,Felipe@trent.ca,Felipe,2696577370
804,A804,Prince@trent.ca,Prince,2286210391
805,A805,Dominik@trent.ca,Dominik,2222960774
806,A806,Lincoln@trent.ca,Lincoln,3048864374
807,A807,Blaze@trent.ca,Blaze,2361323888
808,A808,Jerome@trent.ca,Jerome,2431572891
809,A809,Malachi@trent.ca,Malachi,3268833945
810,A810,Marquise@trent.ca,Marquise,3328516037
811,A811,Reese@trent.ca,Reese,2578540355
812,A812,Landon@trent.ca,Landon,2893691321
813,A813,Kole@trent.ca,Kole,2441803464
814,A814,Brett@trent.ca,Brett,2469262351
815,A815,Jason@trent.ca,Jason,2290772700
816,A816,Terrence@trent.ca,Terrence,2799260638
817,A817,Tyrone@trent.ca,Tyrone,2587306099
818,A818,Jasiah@trent.ca,Jasiah,2241713426
819,A819,Scott@trent.ca,Scott,3232167874
820,A820,Liam@trent.ca,Liam,2642772843
821,A821,Killian@trent.ca,Killian,2283290202
822,A822,Morgan@trent.ca,Morgan,2998545588
823,A823,Frank@trent.ca,Frank,2750945037
824,A824,Wyatt@trent.ca,Wyatt,2769914557
825,A825,Judah@trent.ca,Judah,2358698950
826,A826,Andrew@trent.ca,Andrew,3140902536
827,A827,Jamarcus@trent.ca,Jamarcus,2254456391
828,A828,Jordon@trent.ca,Jordon,2728177828
829,A829,Kaeden@trent.ca,Kaeden,2423869401
830,A830,Nolan@trent.ca,Nolan,2562174646
831,A831,Jalen@trent.ca,Jalen,3144953708
832,A832,Nikhil@trent.ca,Nikhil,2237620430
833,A833,Jorge@trent.ca,Jorge,2877426255
834,A834,Turner@trent.ca,Turner,3172895828
835,A835,Douglas@trent.ca,Douglas,2822727747
836,A836,River@trent.ca,River,2821387587
837,A837,Julio@trent.ca,Julio,2955161387
838,A838,Tony@trent.ca,Tony,2428423019
839,A839,Ronald@trent.ca,Ronald,3104337919
840,A840,Ryland@trent.ca,Ryland,2318115844
841,A841,August@trent.ca,August,2327578852
842,A842,Luciano@trent.ca,Luciano,2939265709
843,A843,Cordell@trent.ca,Cordell,2237199625
844,A844,Taylor@trent.ca,Taylor,2576681007
845,A845,Irvin@trent.ca,Irvin,2534252547
846,A846,Nathan@trent.ca,Nathan,2742414684
847,A847,Drake@trent.ca,Drake,2921180597
848,A848,Maurice@trent.ca,Maurice,2496817644
849,A849,Rashad@trent.ca,Rashad,2942665783
850,A850,Jesus@trent.ca,Jesus,3317444008
851,A851,Aydan@trent.ca,Aydan,2373074918
852,A852,Amare@trent.ca,Amare,3115811618
853,A853,Dominick@trent.ca,Dominick,2825669785
854,A854,Quincy@trent.ca,Quincy,2610196722
855,A855,Jordyn@trent.ca,Jordyn,3157539450
856,A856,Gaige@trent.ca,Gaige,3096198938
857,A857,Diego@trent.ca,Diego,3231775195
858,A858,Ace@trent.ca,Ace,2623957231
859,A859,Kolby@trent.ca,Kolby,3036073388
860,A860,Adriel@trent.ca,Adriel,2853301517
861,A861,Marcelo@trent.ca,Marcelo,2909514376
862,A862,Urijah@trent.ca,Urijah,3330937754
863,A863,Abdullah@trent.ca,Abdullah,2898337854
864,A864,Terrance@trent.ca,Terrance,2563383442
865,A865,Kylan@trent.ca,Kylan,2752189690
866,A866,Antony@trent.ca,Antony,2301221636
867,A867,Hamza@trent.ca,Hamza,2826440514
868,A868,Erik@trent.ca,Erik,2302108943
869,A869,Roland@trent.ca,Roland,3052456535
870,A870,Demarcus@trent.ca,Demarcus,2542008538
871,A871,Shawn@trent.ca,Shawn,3058305899
872,A872,Harrison@trent.ca,Harrison,2689936729
873,A873,Saul@trent.ca,Saul,2852935583
874,A874,Zander@trent.ca,Zander,2920432204
875,A875,Deacon@trent.ca,Deacon,2394245781
876,A876,Kymani@trent.ca,Kymani,2777204491
877,A877,Jordan@trent.ca,Jordan,3071625540
878,A878,Nigel@trent.ca,Nigel,2875035693
879,A879,Sean@trent.ca,Sean,2542450456
880,A880,Ibrahim@trent.ca,Ibrahim,2931388935
881,A881,Randall@trent.ca,Randall,2647078151
882,A882,Maximilian@trent.ca,Maximilian,2570858890
883,A883,Cole@trent.ca,Cole,3024338905
884,A884,Armani@trent.ca,Armani,3081257250
885,A885,Orion@trent.ca,Orion,3021430068
886,A886,Cory@trent.ca,Cory,2332129320
887,A887,Kody@trent.ca,Kody,3115089134
888,A888,Niko@trent.ca,Niko,3049579044
889,A889,Aidan@trent.ca,Aidan,3081686827
890,A890,Brice@trent.ca,Brice,3316972877
891,A891,Aldo@trent.ca,Aldo,2655998151
892,A892,Jaiden@trent.ca,Jaiden,2978854398
893,A893,Elias@trent.ca,Elias,3100010212
894,A894,Braedon@trent.ca,Braedon,2758152869
895,A895,Jaidyn@trent.ca,Jaidyn,2443594095
896,A896,Aidyn@trent.ca,Aidyn,2467577921
897,A897,Mekhi@trent.ca,Mekhi,2252171492
898,A898,Aron@trent.ca,Aron,2793715885
899,A899,Carl@trent.ca,Carl,2831194811
900,A900,Jermaine@trent.ca,Jermaine,2543455871
901,A901,Bruno@trent.ca,Bruno,3283133528
902,A902,Mohammad@trent.ca,Mohammad,3062681164
903,A903,Jamari@trent.ca,Jamari,2838547041
904,A904,Matthew@trent.ca,Matthew,2782502684
905,A905,Malaki@trent.ca,Malaki,3163247111
906,A906,Jagger@trent.ca,Jagger,2732447219
907,A907,Jovanny@trent.ca,Jovanny,2565397259
908,A908,Nelson@trent.ca,Nelson,2294618358
909,A909,Braylon@trent.ca,Braylon,2360014421
910,A910,Caleb@trent.ca,Caleb,3011958813
911,A911,Davion@trent.ca,Davion,2378673107
912,A912,Elian@trent.ca,Elian,2381534285
913,A913,Nathaniel@trent.ca,Nathaniel,3194338711
914,A914,Damian@trent.ca,Damian,3154547336
915,A915,Aaron@trent.ca,Aaron,3190393768
916,A916,Konnor@trent.ca,Konnor,2654135226
917,A917,Ray@trent.ca,Ray,2989980384
918,A918,Maverick@trent.ca,Maverick,2577838478
919,A919,Malakai@trent.ca,Malakai,3164477990
920,A920,Cesar@trent.ca,Cesar,2384229594
921,A921,Jett@trent.ca,Jett,2582795292
922,A922,Santino@trent.ca,Santino,2358546555
923,A923,Jovany@trent.ca,Jovany,2940835498
924,A924,Tristan@trent.ca,Tristan,2638626120
925,A925,Raul@trent.ca,Raul,3010019948
926,A926,Eduardo@trent.ca,Eduardo,3219566817
927,A927,Hassan@trent.ca,Hassan,2833399925
928,A928,Rhys@trent.ca,Rhys,2300883945
929,A929,Kristian@trent.ca,Kristian,2849391662
930,A930,Ismael@trent.ca,Ismael,3104424305
931,A931,Justus@trent.ca,Justus,2556200949
932,A932,Edgar@trent.ca,Edgar,2428334195
933,A933,Zachariah@trent.ca,Zachariah,2389913513
934,A934,Nehemiah@trent.ca,Nehemiah,3307619581
935,A935,Tristin@trent.ca,Tristin,2413734280
936,A936,Donald@trent.ca,Donald,2963368432
937,A937,Mitchell@trent.ca,Mitchell,3035041416
938,A938,Clinton@trent.ca,Clinton,2343169215
939,A939,Jaylon@trent.ca,Jaylon,2336550221
940,A940,Shane@trent.ca,Shane,2507442644
941,A941,Jamie@trent.ca,Jamie,3287204175
942,A942,Maximillian@trent.ca,Maximillian,2398787315
943,A943,Danny@trent.ca,Danny,2761253682
944,A944,Jadon@trent.ca,Jadon,2340420722
945,A945,Marlon@trent.ca,Marlon,3006534303
946,A946,Jaquan@trent.ca,Jaquan,3228579575
947,A947,Rex@trent.ca,Rex,2479325532
948,A948,Phoenix@trent.ca,Phoenix,2349001252
949,A949,Harper@trent.ca,Harper,3154265622
950,A950,Zayden@trent.ca,Zayden,2682824010
951,A951,Trevin@trent.ca,Trevin,3211336866
952,A952,Sheldon@trent.ca,Sheldon,2349368808
953,A953,Draven@trent.ca,Draven,2255776440
954,A954,Cassius@trent.ca,Cassius,2870505198
955,A955,Mohamed@trent.ca,Mohamed,3246677837
956,A956,Deshawn@trent.ca,Deshawn,3006442137
957,A957,Brayden@trent.ca,Brayden,2238612395
958,A958,Braxton@trent.ca,Braxton,2865415850
959,A959,Lucas@trent.ca,Lucas,3023862451
960,A960,Frederick@trent.ca,Frederick,2831822239
961,A961,Eddie@trent.ca,Eddie,2894790773
962,A962,William@trent.ca,William,2899843195
963,A963,Brayan@trent.ca,Brayan,2901686769
964,A964,Samir@trent.ca,Samir,2695885729
965,A965,Beckham@trent.ca,Beckham,2650932437
966,A966,Elliott@trent.ca,Elliott,2252226793
967,A967,Emanuel@trent.ca,Emanuel,3142569603
968,A968,Jude@trent.ca,Jude,2471976810
969,A969,Clarence@trent.ca,Clarence,2493179000
970,A970,Rhett@trent.ca,Rhett,2415600480
971,A971,Adam@trent.ca,Adam,2740731626
972,A972,Case@trent.ca,Case,2508994447
973,A973,Camryn@trent.ca,Camryn,3119764830
974,A974,Tomas@trent.ca,Tomas,3076555867
975,A975,Larry@trent.ca,Larry,2735031256
976,A976,Marcel@trent.ca,Marcel,2269511774
977,A977,Orlando@trent.ca,Orlando,2682524023
978,A978,Nasir@trent.ca,Nasir,3162112833
979,A979,Paxton@trent.ca,Paxton,3271492159
980,A980,Wayne@trent.ca,Wayne,3007241637
981,A981,Donavan@trent.ca,Donavan,2718413616
982,A982,Cruz@trent.ca,Cruz,2724251907
983,A983,Eden@trent.ca,Eden,3034941101
984,A984,Korbin@trent.ca,Korbin,3012392008
985,A985,Devin@trent.ca,Devin,3063323451
986,A986,Harry@trent.ca,Harry,2617844587
987,A987,Rohan@trent.ca,Rohan,2530502827
988,A988,Tripp@trent.ca,Tripp,2726241883
989,A989,Kevin@trent.ca,Kevin,2683020695
990,A990,Jackson@trent.ca,Jackson,2231753927
991,A991,Rolando@trent.ca,Rolando,2397304888
992,A992,Kyle@trent.ca,Kyle,2917110279
993,A993,Stanley@trent.ca,Stanley,2450044393
994,A994,Julien@trent.ca,Julien,3177192142
995,A995,Ramon@trent.ca,Ramon,2256406343
996,A996,Elisha@trent.ca,Elisha,3229899629
997,A997,Marcus@trent.ca,Marcus,2385166403
998,A998,Brennen@trent.ca,Brennen,3266458237
999,A999,Emmett@trent.ca,Emmett,2310459443
1000,A1000,Isiah@trent.ca,Isiah,2992792415